channel,users,unique_users,spend,revenue,avg_cac,avg_revenue,median_roas,roas
Organic,9153,9153,2745.9,11075.584688624846,0.3,1.2100496764585214,0.33495439373181,4.0334989215284045
TikTok,17979,17979,30564.3,23171.14902099426,1.7,1.2887896446406508,0.05869049837618962,0.7581115556709711
Instagram,36281,36281,83446.29999999999,42801.45782491784,2.3,1.1797210061717658,0.04306190213616575,0.51292217659642
Facebook,26776,26776,74972.79999999999,32186.397167399384,2.7999999999999994,1.202061441865827,0.035372276754707575,0.429307657809224
