stage,users,pct_of_installs,conversion_from_previous
Install,90189,1.0,1.0
Onboarding,86195,0.955715,0.955715
D1 Return,40153,0.44521,0.465839
D7 Return,16781,0.186065,0.417926
Purchase,5030,0.055772,0.299744
