n_users,rate_install,rate_d1_from_install,rate_d7_from_d1,rate_purchase_overall,rate_purchase_from_d7
90189,1.0,0.4452095044850259,0.4179264313998954,0.055771768175719875,0.29974375782134555
