stage,users,pct_of_installs,conversion_from_previous
Install,90189,1.0,1.0
Onboarding,86195,0.955715,0.955715
D1 Return,41024,0.454867,0.475944
D7 Return,30028,0.332945,0.731962
Purchase,5030,0.055772,0.16751
