{
  "log_reg": {
    "roc_auc": 0.6214952724658067,
    "pr_auc": 0.7461229903529246,
    "accuracy": 0.6153305983664117,
    "balanced_accuracy": 0.6135817909151395,
    "f1": 0.6821596530874
  },
  "xgb": {
    "roc_auc": 0.6210055821005125,
    "pr_auc": 0.7434859252372938,
    "accuracy": 0.6641534538197139,
    "balanced_accuracy": 0.5153557430300996,
    "f1": 0.7923683308579915
  }
}
