{
  "log_reg": {
    "roc_auc": 0.8865357128083542,
    "pr_auc": 0.9672379745383395,
    "accuracy": 0.8438112133643789,
    "balanced_accuracy": 0.7990073845757851,
    "f1": 0.9007095531225037
  },
  "xgb": {
    "roc_auc": 0.888512981633623,
    "pr_auc": 0.9680245222364482,
    "accuracy": 0.8736740954281702,
    "balanced_accuracy": 0.7320726078062176,
    "f1": 0.9250372839722782
  }
}
