acquisition_channel,users,d1_rate,d7_rate,d7_from_d1
Organic,9153,0.445865,0.187807,0.42122
Instagram,36281,0.448637,0.187178,0.417214
TikTok,17979,0.441404,0.185772,0.420867
Facebook,26776,0.442897,0.184157,0.415802
