acquisition_channel,users,d1_rate,d7_rate,d7_from_d1
Organic,9153,0.476674,0.351906,0.738253
Instagram,36281,0.459855,0.337697,0.734356
Facebook,26776,0.448947,0.327084,0.728558
TikTok,17979,0.442516,0.322432,0.728632
