acquisition_channel,users,revenue,ad_spend,roi,roas
Organic,9153,11075.584689,2745.9,3.033499,4.033499
TikTok,17979,23171.149021,30564.3,-0.241888,0.758112
Instagram,36281,42801.457825,83446.3,-0.487078,0.512922
Facebook,26776,32186.397167,74972.8,-0.570692,0.429308
