acquisition_channel,users,revenue,ad_spend,roi,roas
Organic,9153,5091.083966,2745.9,0.854068,1.854068
TikTok,17979,10415.219151,30564.3,-0.659236,0.340764
Instagram,36281,19274.536869,83446.3,-0.769019,0.230981
Facebook,26776,14523.34201,74972.8,-0.806285,0.193715
