acquisition_channel,users,revenue,ad_spend,roi,roas
Organic,9153,11075.58468862482,2745.9000000000165,3.033498921528371,4.033498921528371
TikTok,17979,23171.149020994384,30564.3000000073,-0.241888444329206,0.758111555670794
Instagram,36281,42801.45782492004,83446.30000004478,-0.4870778234038289,0.5129221765961711
Facebook,26776,32186.397167399762,74972.80000002906,-0.5706923421909375,0.42930765780906255
