acquisition_channel,n_users,rate_d1_from_install,rate_d7_from_d1,rate_purchase_overall
Instagram,36281,0.448637027645324,0.41721447441174664,0.05642071607728563
Organic,9153,0.44586474379984703,0.42122028914481746,0.05506391347099312
Facebook,26776,0.44289662384224676,0.41580234421114765,0.055534807290110545
TikTok,17979,0.44140386005895765,0.42086693548387094,0.05517548250736971
