acquisition_channel,users,revenue,ad_spend,roi,roas
Organic,9153,5091.083966240883,2745.900000000119,0.8540675065518272,1.8540675065518273
TikTok,17979,10415.21915145028,30564.300000008345,-0.659235802833782,0.340764197166218
Instagram,36281,19274.536868592873,83446.30000005187,-0.7690186758600335,0.23098132413996658
Facebook,26776,14523.342010402403,74972.80000003421,-0.8062851859554961,0.1937148140445038
