n_users,rate_install,rate_d1_from_install,rate_d7_from_d1,rate_purchase_from_d7
90189,1.0,0.45486700151903225,0.7319617784711389,0.16751032369788196
