acquisition_channel,n_users,rate_d1_from_install,rate_d7_from_d1,rate_purchase_overall
Organic,9153,0.4766743144324265,0.7382534953013982,0.05506391347099312
Instagram,36281,0.4598550205341639,0.7343562694797411,0.05642071607728563
Facebook,26776,0.44894681804601133,0.7285583562099659,0.055534807290110545
TikTok,17979,0.44251626898047725,0.7286324786324786,0.05517548250736971
